;meta[language=en]
; id      |key(hex)|key(str)| text
2115018001|        |preset_value_rer_defaults|Defaults
2115018002|        |option_rer_custom_frequency_low_day|<font color="#ffd33d">                       Day:</font> minimum delay (in seconds)
2115018003|        |option_rer_custom_frequency_high_day|<font color="#ffd33d">                             :</font> maximum delay (in seconds)
2115018004|        |option_rer_custom_frequency_low_night|<font color="#b392f0">                    Night:</font> minimum delay (in seconds)
2115018005|        |option_rer_custom_frequency_hight_night|<font color="#b392f0">                             :</font> maximum delay (in seconds)
2115018006|        |preset_value_rer_low|Low
2115018007|        |preset_value_rer_medium|Medium
2115018008|        |preset_value_rer_high|High
2115018009|        |panel_Mods|Mods
2115018010|        |panel_rer_name|Random Encounters Reworked
2115018011|        |panel_rer_main_settings|Main settings
2115018012|        |option_rer_city_spawn|Enable settlement spawns
2115018013|        |preset_value_rer_select_yes|Yes
2115018014|        |preset_value_rer_select_no|No
2115018015|        |option_rer_difficulty|Encounters difficulty (affects mostly enemy count)
2115018016|        |preset_value_rer_easy|Easy
2115018017|        |preset_value_rer_medium|Medium
2115018018|        |preset_value_rer_hard|Hard
2115018019|        |preset_value_rer_random|Random
2115018020|        |option_rer_enemy_count_multiplier|<font color="#ffd33d">Global multiplier</font>
2115018021|        |option_rer_monster_hunt_ratio_day|<font color="#ffd33d">Frequency</font>
2115018022|        |panel_rer_encounter_type|Encounter types
2115018023|        |panel_rer_creature_frequency|Creatures frequencies
2115018024|        |panel_rer_creatures_ratios|Creatures ratios
2115018025|        |panel_ambush_day_settings|Ambush Day
2115018026|        |panel_ambush_night_settings|Ambush Night
2115018027|        |preset_value_rer_everything_off|Everything OFF
2115018028|        |preset_value_rer_everything_on|Everything ON
2115018029|        |option_rer_leshen|Leshen
2115018030|        |option_rer_werewolf|Werewolf
2115018031|        |option_rer_cyclops|Cyclop
2115018032|        |option_rer_arachas|Arachas
2115018033|        |option_rer_fiend|Fiend
2115018034|        |option_rer_chort|Chort
2115018035|        |option_rer_vampire|Vampire
2115018036|        |option_rer_bear|Bear
2115018037|        |option_rer_skelligebear|Skellige Bear
2115018038|        |option_rer_golem|Golem
2115018039|        |option_rer_elemental|Elemental
2115018040|        |option_rer_nightwraith|NightWraith
2115018041|        |option_rer_noonwraith|NoonWraith
2115018042|        |option_rer_troll|Troll
2115018043|        |option_rer_skelligetroll|Skellige Troll
2115018044|        |option_rer_hag|Hag
2115018045|        |option_rer_harpies|Harpies
2115018046|        |option_rer_fogling|Fogling (Foglet)
2115018047|        |option_rer_endrega|Endrega
2115018048|        |option_rer_ghoul|Ghoul
2115018049|        |option_rer_alghoul|Alghoul
2115018050|        |option_rer_nekkers|Nekkers
2115018051|        |option_rer_drowner|Drowner
2115018052|        |option_rer_rotfiend|Rotfiend
2115018053|        |option_rer_wolf|Wolf
2115018054|        |option_rer_skelligewolf|Skellige Wolf
2115018055|        |option_rer_wraith|Wraith
2115018056|        |option_rer_spider|Spider
2115018057|        |option_rer_boars|Boar
2115018058|        |option_rer_Higher_Vampire|Higher Vampire
2115018059|        |option_rer_Bruxa|Bruxa
2115018060|        |option_rer_Fleder|Fleder
2115018061|        |option_rer_Garkain|Garkain
2115018062|        |option_rer_drownerDLC|Scurver (Graveir)
2115018063|        |option_rer_Giant|Giant
2115018064|        |option_rer_Skeleton|Skeleton
2115018065|        |option_rer_Barghest|Barghest
2115018066|        |option_rer_Echinops|Echinops
2115018067|        |option_rer_Centipede|Centipede
2115018068|        |option_rer_Kikimore|Kikimore
2115018069|        |option_rer_Panther|Panther
2115018070|        |option_rer_Sharley|Sharley (Shaelmaar)
2115018071|        |option_rer_Wight|Wight
2115018072|        |option_rer_human_chance|Human
2115018073|        |option_rer_wild_chance|Wild Hunt
2115018074|        |option_rer_gryphon|Gryphon
2115018075|        |option_rer_cockatrice|Cockatrice
2115018076|        |option_rer_Wyvern|Wyvern
2115018077|        |option_rer_Forktail|Forktail
2115018078|        |option_rer_Basilisk|Basilisk
2115018079|        |option_rer_Katakan|Katakan
2115018080|        |option_rer_Ekimmara|Ekimmara
2115018081|        |option_rer_sirens|Siren
2115018082|        |option_rer_berserkers|Berserker
2115018083|        |option_rer_dracolizards|Slyzard
2115018084|        |option_rer_gargoyles|Gargoyle
2115018085|        |preset_Mods_rer_name_rer_main_settings|Main settings
2115018086|        |preset_Mods_rer_name_rer_creature_frequency|Creatures frequencies
2115018087|        |preset_Mods_rer_name_rer_encounters_settings_ambush_day_settings|Ambush Day
2115018088|        |preset_Mods_rer_name_rer_encounters_settings_ambush_night_settings|Ambush Night
2115018089|        |option_rer_geralt_comments|Enable Geralt comments
2115018090|        |option_rer_enabled|<font color="#28a745">MOD ENABLED</font>
2115018091|        |option_rer_hide_notifications|Hide RER notifications
2115018092|        |option_rer_enable_encounters_loot|Enable encounters loot
2115018093|        |preset_Mods_rer_name_rer_city_spawns|Settlement spawns
2115018094|        |preset_value_rer_no_city_spawns|Allow none
2115018095|        |preset_value_rer_all_city_spawns|Allow all
2115018096|        |preset_value_rer_no_large_creatures|No large creatures
2115018097|        |preset_value_rer_no_small_creatures|No small creatures
2115018098|        |option_rer_external_factors_coefficient|External factors coefficient
2115018099|        |option_rer_monster_contract_ratio_day|<font color="#ffd33d">Frequency</font>
2115018100|        |option_rer_monster_ambush_ratio_day|<font color="#ffd33d">Frequency</font>
2115018101|        |panel_rer_settlement_settings|Settlement spawns
2115018102|        |preset_Mods_rer_name_rer_encounter_type|Encounter types
2115018103|        |option_rer_mod_initialized|MOD INITIALIZED <font color="#d73a49">(CAUTION)</font>
2115018104|        |preset_Mods_rer_name_rer_monster_trophies|Monster trophies
2115018105|        |panel_rer_monster_trophies|Monster trophies
2115018106|        |rer_trophy_werewolf|Werewolf trophy
2115018107|        |rer_trophy_fogling|Foglet trophy
2115018108|        |rer_trophy_wildhunt|WildHunt trophy
2115018109|        |rer_trophy_beast|Beast trophy
2115018110|        |rer_trophy_wraith|Wraith trophy
2115018111|        |rer_trophy_nekker|Nekker trophy
2115018112|        |rer_trophy_leshen|Leshen trophy
2115018113|        |rer_trophy_katakan|Katakan trophy
2115018114|        |rer_trophy_ekimmara|Ekimmara trophy
2115018115|        |rer_trophy_harpy|Harpy trophy
2115018116|        |rer_trophy_giant|Giant trophy
2115018117|        |rer_trophy_sharley|Sharley trophy
2115018118|        |rer_trophy_wight|Wight trophy
2115018119|        |rer_trophy_grave_hag|Grave Hag trophy
2115018120|        |rer_trophy_fiend|Fiend trophy
2115018121|        |rer_trophy_elemental|Elemental trophy
2115018122|        |rer_trophy_insectoid|Insectoid trophy
2115018123|        |rer_trophy_griffin|Gryphon trophy
2115018124|        |rer_trophy_basilisk|Basilisk trophy
2115018125|        |rer_trophy_cockatrice|Cockatrice trophy
2115018126|        |rer_trophy_wyvern|Wyvern trophy
2115018127|        |rer_trophy_forktail|Forktail trophy
2115018128|        |rer_trophy_czart|Chort trophy
2115018129|        |rer_trophy_cyclop|Cyclop trophy
2115018130|        |rer_trophy_noonwraith|NoonWraith trophy
2115018131|        |rer_trophy_nightwraith|NightWraith trophy
2115018132|        |rer_trophy_arachas|Arachas trophy
2115018133|        |rer_trophy_garkain|Garkain trophy
2115018134|        |rer_trophy_spirit|Specter trophy
2115018135|        |rer_trophy_necrophage|Necrophage trophy
2115018136|        |rer_trophy_vampire|Vampire trophy
2115018137|        |rer_trophy_human|Human trophy
2115018138|        |rer_trophy_troll|Troll trophy
2115018139|        |rer_trophy_dracolizard|Dracolizard trophy
2115018140|        |option_rer_min_spawn_distance|<font color="#ffffff">              Distance:</font> minimum spawn distance (in meters)
2115018141|        |option_rer_spawn_diameter|<font color="#ffffff">                             :</font> spawn diameter (in meters)
2115018142|        |option_rer_kill_threshold_distance|<font color="#ffffff">                             :</font> automatic kill threshold (in meters)
2115018143|        |preset_Mods_rer_name_rer_advanced_settings|Advanced settings
2115018144|        |panel_rer_advanced_settings|Advanced settings
2115018145|        |option_rer_trophies_ambush|<font color="#ffd33d">From ambushes</font>
2115018146|        |option_rer_trophies_hunt|<font color="#ffd33d">From hunts</font>
2115018147|        |option_rer_trophies_contract|<font color="#ffd33d">From contracts</font>
2115018148|        |option_rer_trophy_pickup_animation|Allow trophy pickup animation
2115018149|        |option_rer_only_known_bestiary_creatures|Only known bestiary creatures
2115018150|        |preset_Mods_rer_name_rer_advanced_settings_distances|Distances
2115018151|        |panel_distances|Distances
2115018152|        |preset_Mods_rer_name_rer_advanced_settings_levels|Levels
2115018153|        |panel_levels|Levels
2115018154|        |option_rer_min_level_range|<font color="#28a745">                  Levels:</font> lowest allowed (relative to Geralt)
2115018155|        |option_rer_max_level_range|<font color="#28a745">                             :</font> highest allowed (relative to Geralt)
2115018156|        |preset_Mods_rer_name_rer_rewards_settings_rer_trophies_settings|Trophies
2115018157|        |panel_rer_trophies_settings|Trophies
2115018158|        |option_rer_trophy_prices|<font color="#ffd33d">Prices</font> 
2115018159|        |preset_value_rer_trophy_prices_low|Low (100%)
2115018160|        |preset_value_rer_trophy_prices_medium|Medium (200%)
2115018161|        |preset_value_rer_trophy_prices_high|High (300%)
2115018162|        |preset_Mods_rer_name_rer_events_settings|Event system
2115018163|        |panel_rer_events_settings|Event system
2115018164|        |option_rer_event_system_interval|Event system interval in seconds (0 = disabled)
2115018165|        |option_rer_mod_enabled|<font color="#28a745">MOD ENABLED</font>
2115018166|        |option_rer_disabled|RandomEncounters Reworked disabled
2115018167|        |option_rer_event_bloodnecrophages_chance|Event % chance - blood attracts necrophages
2115018168|        |option_rer_event_bodiesnecrophages_chance|Event % chance - remains attracts necrophages
2115018169|        |option_rer_event_entersswamp_chance|Event % chance - enters swamp ambush
2115018170|        |option_rer_event_fightnoise_chance|Event % chance - fight noise ambush
2115018171|        |option_rer_event_fillcreaturesgroup_chance|Event % chance - fill creatures group
2115018172|        |option_rer_event_meditationambush_chance|Event % chance - meditation ambush
2115018173|        |option_rer_event_noticeboardcontract_chance|noticeboard Event - Distance
2115018174|        |option_rer_event_noticeboardcontract_automatic_cutscene|Automatic noticeboard cutscene
2115018175|        |option_rer_event_system_internal_cooldown|Seconds before an event can trigger again
2115018176|        |option_rer_event_fillcreaturesgroup_allow_combat|Event Fill creatures group - allow copy of creatures in combat
2115018177|        |option_rer_big_city_spawns|Allow city spawns (Novigrad/Oxenfurt/Kaer Trolde)
2115018178|        |preset_value_rer_region_constraint_none|Everywhere
2115018179|        |preset_value_rer_region_constraint_only_velen|Only in Velen
2115018180|        |preset_value_rer_region_constraint_only_skellige|Only in Skellige
2115018181|        |preset_value_rer_region_constraint_only_toussaint|Only in Toussaint
2115018182|        |preset_value_rer_region_constraint_no_velen|No Velen
2115018183|        |preset_value_rer_region_constraint_no_skellige|No Skellige
2115018184|        |preset_value_rer_region_constraint_no_toussaint|No Toussaint
2115018185|        |preset_Mods_rer_name_rer_encounters_settings_rer_region_constraints_settings|Region constraints
2115018186|        |preset_value_rer_region_constraint_only_whiteorchard|Only in White Orchard
2115018187|        |preset_value_rer_region_constraint_no_whiteorchard|No White Orchard
2115018188|        |panel_rer_region_constraints_settings|Region constraints
2115018189|        |preset_Mods_rer_name_rer_encounters_settings|Creatures_settings ratios
2115018190|        |panel_rer_creatures_ratio|Creatures ratios
2115018191|        |panel_hunt_day_settings|Hunt Day
2115018192|        |panel_hunt_night_settings|Hunt Night
2115018193|        |preset_Mods_rer_name_rer_encounters_settings_hunt_day_settings|Hunt Day
2115018194|        |preset_Mods_rer_name_rer_encounters_settings_hunt_night_settings|Hunt Night
2115018195|        |panel_contract_day_settings|Contract Day
2115018196|        |panel_contract_night_settings|Contract Night
2115018197|        |preset_Mods_rer_name_rer_encounters_settings_contract_day_settings|Contract Day
2115018198|        |preset_Mods_rer_name_rer_encounters_settings_contract_night_settings|Contract Night
2115018199|        |preset_Mods_rer_name_rer_advanced_settings_performances|Performance settings
2115018200|        |panel_performances|Performance settings
2115018201|        |option_rer_foottracks_ratio|tracks ratio (100: all, 0: no tracks)
2115018202|        |preset_value_rer_all_everywhere|Everywhere all
2115018203|        |option_rer_camera_blending_disabled|Disable camera blending
2115018204|        |option_dlc_rer|Random Encounters Reworked
2115018205|        |option_rer_camera_scenes_disabled|Disable camera scenes
2115018206|        |option_rer_monster_ambush_ratio_night|<font color="#ffd33d">Frequency</font>
2115018207|        |option_rer_monster_hunt_ratio_night|<font color="#ffd33d">Frequency</font>
2115018208|        |option_rer_monster_contract_ratio_night|<font color="#ffd33d">Frequency</font>
2115018209|        |option_rer_enable_action_camera_scenes|Enable action camera scenes
2115018210|        |preset_Mods_rer_name_rer_encounters_settings|Encounter system
2115018211|        |preset_Mods_rer_name_rer_encounters_settings_rer_general_settings|General
2115018212|        |preset_Mods_rer_name_rer_encounters_settings_rer_constraints_settings|Region constraints
2115018213|        |preset_Mods_rer_name_rer_encounters_settings_rer_settlement_settings|Settlement spawns
2115018214|        |panel_rer_general_settings|General
2115018215|        |panel_rer_optional_features_settings|Optional features
2115018216|        |panel_rer_encounters_settings|Encounter system
2115018217|        |preset_Mods_rer_name_rer_optional_features_settings|Optional features
2115018218|        |option_rer_monster_contract_longevity|<font color="#ffd33d">Longevity</font>
2115018219|        |panel_creature_type_multiplier|Creature type multiplier
2115018220|        |preset_Mods_rer_name_rer_encounters_settings_creature_type_multiplier|Creature type multiplier
2115018221|        |option_rer_crowns_ambush|<font color="#ffd33d">From ambushes</font>
2115018222|        |option_rer_crowns_hunt|<font color="#ffd33d">From hunts</font>
2115018223|        |option_rer_crowns_contract|<font color="#ffd33d">From contracts</font>
2115018225|        |preset_Mods_rer_name_rer_rewards_settings|Reward system
2115018226|        |panel_rer_rewards_settings|Reward system
2115018227|        |preset_Mods_rer_name_rer_rewards_settings_rer_crowns_settings|Crowns
2115018228|        |panel_rer_crowns_settings|Crowns
2115018229|        |option_rer_trails_use_pathfinding|Use path finding for trails
2115018230|        |option_rer_static_encounter_small_spawn_chance|<font color="#ec6cb9">Static encounters:</font> small - spawning chance (%)
2115018231|        |option_rer_static_encounter_large_spawn_chance|<font color="#ec6cb9">                             :</font> large - spawning chance (%)
2115018232|        |option_rer_camera_immersive_camera_compatibility|No camera scene on horse (ImmersiveCamera compatibility)